dispatch_id,ticket_type,priority,required_skill,assigned_technician_id,optimized_technician_id,success_probability,estimated_duration,distance,skill_match,score,has_warnings,warning_count
200000016,Trouble,Critical,Line repair,T900008,T900001,0.9151095996172942,63.22691385931599,61.92863404748755,1,82.08371663253205,False,0
200000550,Trouble,Critical,Line repair,T900142,T900145,0.8859937116715384,90.69725603878696,7.036380322202975,1,92.41557021569673,False,0
200000308,Trouble,Critical,Network troubleshooting,T900087,T900084,0.7055056802468035,93.7018179687466,39.11414339032196,0,70.27816959799542,False,0
200000367,Trouble,Critical,Network troubleshooting,T900099,T900091,0.887434780906681,119.71827533715681,8.56681354754984,0,91.75668355806202,False,0
200000312,Trouble,Critical,Line repair,T900088,T900087,0.9126835140767526,30.72975174538536,25.17349159645129,1,88.09763799229363,False,0
200000300,Trouble,Critical,Network troubleshooting,T900088,T900077,0.8828100886456658,29.12182486163186,5.427134891876205,0,92.95477148834483,False,0
200000134,Trouble,Critical,Line repair,T900032,T900037,0.8962502048505612,63.058926554732004,23.156583667802707,1,86.28677050402817,False,0
200000127,Trouble,Critical,Network troubleshooting,T900035,T900043,0.8924411565178689,29.401406591993005,8.646481997491772,0,92.84880192864516,False,0
200000498,Trouble,Critical,Line repair,T900128,T900125,0.721733809657035,62.82295050986707,33.45734035158226,0,76.39769334673656,False,0
200000066,Trouble,Critical,Network troubleshooting,T900024,T900027,0.9233380502652,123.51627646836006,16.61766820248727,1,91.06787647027004,False,0
200000372,Trouble,Critical,Line repair,T900092,T900096,0.8982023280335905,63.18968287073202,27.620029321207493,1,85.09933123921547,False,0
200000074,Trouble,Critical,Line repair,T900021,T900021,0.8871364761976293,88.19901218107834,5.1422042906569665,0,93.1051044583727,False,0
200000542,Trouble,Critical,Network troubleshooting,T900141,T900139,0.8771330360192612,64.25439089933934,5.845837117476153,0,88.41217640179393,False,0
200000490,Trouble,Critical,Line repair,T900127,T900132,0.9140731838205529,30.48398958852135,30.290927538936522,1,89.42095183113146,False,0
200000123,Trouble,Critical,Network troubleshooting,T900034,T900032,0.8863750558591226,91.28144740028485,8.33986583383033,0,90.7631782269282,False,0
200000187,Trouble,Critical,Network troubleshooting,T900047,T900052,0.9163194830786932,92.90436533710434,25.13609434213364,1,87.36680143185292,False,0
200000314,Trouble,Critical,Line repair,T900085,T900083,0.8691097645312916,64.9050662020635,5.3610619546897516,0,87.53991012696743,False,0
200000073,Trouble,Critical,Line repair,T900015,T900015,0.9155161624893925,126.81448393883835,36.39696723590326,1,87.62593588518145,False,0
200000540,Trouble,Critical,Network troubleshooting,T900141,T900147,0.9210984702373848,123.77710980169343,17.356468180315517,1,89.40266663664123,False,0
200000198,Trouble,Critical,Line repair,T900050,T900052,0.7241346669806709,90.04098365446595,18.581971306253216,0,83.04088553155563,False,0
200000552,Trouble,Critical,Line repair,T900144,T900145,0.9147728481445492,29.918022924786246,54.21022935342766,1,86.96618739511614,False,0
200000495,Trouble,Critical,Line repair,T900124,T900132,0.9208455721969956,29.80243979727621,28.44830125171965,1,92.33103017966593,False,0
200000543,Trouble,Critical,Network troubleshooting,T900142,T900147,0.9181586878209559,31.711174571947353,32.39741872598358,1,85.36926566440789,False,0
200000243,Trouble,Critical,Network troubleshooting,T900065,T900068,0.8891298861615661,29.0941581949652,4.500256816354457,0,93.07035889061461,False,0
200000180,Trouble,Critical,Network troubleshooting,T900053,T900058,0.916898421097175,31.213759379555878,59.0510665791385,1,83.3655629036061,False,0
200000193,Trouble,Critical,Line repair,T900054,T900059,0.8803365638269747,63.877580195037034,6.413558526360001,1,89.19603892076312,False,0
200000489,Trouble,Critical,Network troubleshooting,T900133,T900120,0.8983258348678569,29.818077847137406,6.109959858175746,0,93.73732307498094,False,0
200000360,Trouble,Critical,Network troubleshooting,T900096,T900093,0.9026104329153717,62.04417323172592,52.43983203020382,1,83.63028494673048,False,0
200000242,Trouble,Critical,Network troubleshooting,T900068,T900071,0.9083714582452156,30.229633161537084,13.648477722581855,1,91.29178003584084,False,0
200000435,Trouble,Critical,Line repair,T900108,T900108,0.8802741410805706,121.93775249643964,7.598242223504511,0,91.23687970273517,False,0
200000423,Trouble,Critical,Network troubleshooting,T900107,T900114,0.921492180456226,92.22558922062008,26.276552018142453,1,86.97909566582705,False,0
200000183,Trouble,Critical,Network troubleshooting,T900056,T900052,0.9271442687082937,128.17003724179597,20.218731796928108,1,87.77638487618259,False,0
200000432,Trouble,Critical,Line repair,T900111,T900118,0.89562613137967,92.88915372312022,18.833333697216847,1,87.98465711743285,False,0
200000008,Trouble,Critical,Network troubleshooting,T900014,T900010,0.9210984702373848,123.89703404411767,17.692029969079556,1,90.19846223255959,False,0
200000499,Trouble,Critical,Line repair,T900134,T900133,0.9140731838205529,31.063510144427884,31.89821351557103,1,87.44669415274537,False,0
200000245,Trouble,Critical,Network troubleshooting,T900061,T900064,0.889088599109883,121.02919589320818,5.491651623290497,0,92.5613507748608,False,0
200000191,Trouble,Critical,Line repair,T900050,T900059,0.8876759987580279,63.263877489530685,19.201826467545256,1,84.99563658602067,False,0
200000434,Trouble,Critical,Line repair,T900107,T900115,0.8993110440598323,63.189682870732014,28.207450579680025,1,85.91098090686816,False,0
200000061,Trouble,Critical,Network troubleshooting,T900027,T900026,0.8985958534642242,62.466340334292845,18.835681646608815,1,85.35415283604573,False,0
200000186,Trouble,Critical,Network troubleshooting,T900047,T900059,0.8920875878965614,64.07039630335815,7.716953411405222,0,88.29440108219248,False,0
200000559,Trouble,Critical,Line repair,T900142,T900146,0.8963139962493792,28.3177858390613,7.59275679851753,0,93.70559140161345,False,0
200000003,Trouble,Critical,Network troubleshooting,T900001,T900008,0.887701568986117,29.139026361112773,9.933533185900728,0,92.73890737803333,False,0
200000014,Trouble,Critical,Line repair,T900009,T900001,0.9125275019425223,63.19470190394385,35.94005747207716,1,86.48755400628002,False,0
200000132,Trouble,Critical,Line repair,T900036,T900030,0.883465764208677,127.35167460472252,4.439882296718513,0,91.08208762576353,False,0
200000133,Trouble,Critical,Line repair,T900036,T900034,0.7146680317657257,119.6134289601347,16.429756501660545,0,83.43247751687173,False,0
200000131,Trouble,Critical,Line repair,T900032,T900044,0.7025669541505243,91.67970707965874,22.478597469068873,0,77.78851055581148,False,0
200000001,Trouble,Critical,Network troubleshooting,T900012,T900008,0.8962193792709066,124.2885455530193,8.931458452622543,0,89.5213460421484,False,0
200000247,Trouble,Critical,Network troubleshooting,T900072,T900063,0.8900598236918539,89.33686051666375,5.491462901704249,0,93.21659063075134,False,0
200000544,Trouble,Critical,Network troubleshooting,T900141,T900139,0.8872234679172275,89.97793541620966,7.996068778620536,0,92.45011541609404,False,0
200000307,Trouble,Critical,Network troubleshooting,T900084,T900082,0.9268133556621867,123.69952166826373,25.619193855077455,1,88.71559762216265,False,0
200000378,Trouble,Critical,Line repair,T900103,T900092,0.9112883613237317,125.21491380432388,15.792103004262545,1,89.30385503206467,False,0
200000375,Trouble,Critical,Line repair,T900092,T900098,0.7284728593120953,90.65268107033513,25.96835669794655,0,75.57122521790741,False,0
200000258,Trouble,Critical,Line repair,T900062,T900066,0.8877340973168848,28.850938315096123,6.008924346363436,0,93.1698244496894,False,0
200000547,Trouble,Critical,Network troubleshooting,T900143,T900141,0.7006149682792735,118.5315789702198,18.34101854411062,0,81.68804744612304,False,0
200000244,Trouble,Critical,Network troubleshooting,T900074,T900073,0.7145531564338702,30.6851824241001,17.241192522070932,0,80.65544807939108,False,0
200000426,Trouble,Critical,Network troubleshooting,T900116,T900114,0.9249257386650098,127.86420930040296,23.597335155335088,1,87.6338670445968,False,0
200000015,Trouble,Critical,Line repair,T900014,T900008,0.8963508792394034,133.0284978909126,8.16126068172267,0,88.09456810498357,False,0
200000305,Trouble,Critical,Network troubleshooting,T900089,T900088,0.9073801636920096,63.19403719354535,14.00885768690267,1,89.63720137973733,False,0
200000010,Trouble,Critical,Line repair,T900008,T900003,0.7103448268741781,124.64341997739155,11.445152689598608,0,81.023478399109,False,0
200000438,Trouble,Critical,Line repair,T900108,T900115,0.9133019960615254,91.33454595402492,20.358692724108398,1,89.0177239433053,False,0
200000306,Trouble,Critical,Network troubleshooting,T900076,T900087,0.8908069299054823,89.89901249755815,5.920558016980364,0,93.32800981782476,False,0
200000012,Trouble,Critical,Line repair,T900009,T900001,0.9234557829299954,63.168213435895,12.761919975296678,1,80.91284207648647,False,0
200000120,Trouble,Critical,Network troubleshooting,T900031,T900036,0.8361675517439351,29.204258483565482,3.041865559352133,0,91.20172097558621,False,0
200000068,Trouble,Critical,Network troubleshooting,T900024,T900015,0.8972552804538784,91.49718493212887,5.690443612121224,0,91.80623724905202,False,0
200000253,Trouble,Critical,Line repair,T900067,T900074,0.8930525928730597,28.802181510073197,9.67612693658702,0,92.49532961733334,False,0
200000365,Trouble,Critical,Network troubleshooting,T900097,T900100,0.8993000782192837,29.58340702915379,9.908312464333424,0,93.04577681887798,False,0
200000071,Trouble,Critical,Line repair,T900020,T900028,0.9135945189721331,63.180825474561,54.27244490416894,1,84.71310288595117,False,0
200000064,Trouble,Critical,Network troubleshooting,T900016,T900022,0.7275383260500079,90.15195165325858,26.68423847654135,0,78.88499809150795,False,0
200000548,Trouble,Critical,Network troubleshooting,T900141,T900135,0.8918993845948977,63.880697794415795,4.439011348563313,0,89.75975865859564,False,0
200000196,Trouble,Critical,Line repair,T900050,T900045,0.7357509343253341,30.482325415355266,28.49573844090908,0,80.66000269080568,False,0
200000060,Trouble,Critical,Network troubleshooting,T900023,T900023,0.8747765037451867,90.96399845261912,6.5816607045647375,0,91.24571132127143,False,0
200000319,Trouble,Critical,Line repair,T900076,T900087,0.9209583551554995,30.773430290945257,20.94972935419646,1,89.40937662367838,False,0
200000128,Trouble,Critical,Network troubleshooting,T900034,T900033,0.9052509795077471,31.430998733579617,17.499157502693205,1,85.8072431578423,False,0
200000493,Trouble,Critical,Line repair,T900127,T900133,0.8893431685166748,64.21905200718238,4.581168159257086,1,88.28353288973992,False,0
200000077,Trouble,Critical,Line repair,T900020,T900015,0.9160960917390362,61.4302406818716,54.73988197965098,1,86.7689516397431,False,0
200000429,Trouble,Critical,Network troubleshooting,T900116,T900111,0.8826622239967958,89.94575205291142,6.864402293251866,0,92.72305944723148,False,0
200000439,Trouble,Critical,Line repair,T900110,T900109,0.887221811661788,124.34032463912962,4.852722660086689,0,91.36303039538032,False,0
200000558,Trouble,Critical,Line repair,T900144,T900136,0.9111943223189127,62.62689865457713,21.84120737771086,1,89.20894017806181,False,0
200000067,Trouble,Critical,Network troubleshooting,T900016,T900016,0.8854097616776201,29.61847215877916,7.661604702287953,0,92.98898551662052,False,0
200000366,Trouble,Critical,Network troubleshooting,T900090,T900093,0.9129462407388896,30.5648284862861,45.96341731476031,1,87.30411617326793,False,0
200000188,Trouble,Critical,Network troubleshooting,T900056,T900058,0.9132014887806414,62.58011063846282,19.656038606354677,1,88.73753865527141,False,0
200000126,Trouble,Critical,Network troubleshooting,T900034,T900040,0.9050382413749392,62.262532256637066,23.625339665524677,1,90.02206439435207,False,0
200000197,Trouble,Critical,Line repair,T900050,T900048,0.7310581421911791,60.662499014958115,28.371091884976686,0,77.35836374905806,False,0
200000121,Trouble,Critical,Network troubleshooting,T900034,T900033,0.9109724289914347,32.510834422370955,19.537399179404957,1,85.75352744920164,False,0
200000063,Trouble,Critical,Network troubleshooting,T900023,T900027,0.9180602758972742,31.0074529475468,22.768988359485125,1,90.56097395892468,False,0
200000129,Trouble,Critical,Network troubleshooting,T900035,T900040,0.9083733342545766,62.06022844668704,57.97493743546855,1,83.85800289255725,False,0
200000079,Trouble,Critical,Line repair,T900020,T900028,0.9075699823099177,129.01562750412262,18.967865485793723,1,86.999284409853,False,0
200000555,Trouble,Critical,Line repair,T900139,T900148,0.732564032089102,90.13376494339553,14.534997029651363,0,84.37301111954356,False,0
200000420,Trouble,Critical,Network troubleshooting,T900105,T900116,0.9048066960631715,62.829320051123396,35.02924917666985,1,84.9640118011444,False,0
200000019,Trouble,Critical,Line repair,T900008,T900008,0.9136605095034618,63.365019410211325,8.602316396208593,0,90.49130456864744,False,0
200000370,Trouble,Critical,Line repair,T900098,T900092,0.9179675408433761,29.90452425642529,48.32113175876081,1,88.22278295598124,False,0
200000546,Trouble,Critical,Network troubleshooting,T900141,T900148,0.9225016817886716,123.53117899336229,14.924075047695247,1,90.76207252011866,False,0
200000436,Trouble,Critical,Line repair,T900112,T900118,0.8996860440598323,63.116016204065346,30.360055969251547,1,86.71948820789257,False,0
200000122,Trouble,Critical,Network troubleshooting,T900040,T900033,0.9197663702310335,94.20005831301368,25.345905068956277,1,87.53198787121744,False,0
200000190,Trouble,Critical,Line repair,T900051,T900046,0.9116495225630511,31.47720702701282,36.51756796435266,1,84.25236861671988,False,0
200000076,Trouble,Critical,Line repair,T900022,T900028,0.9234110482714506,93.40064358944763,10.771769051540364,1,90.66431547943431,False,0
200000251,Trouble,Critical,Line repair,T900067,T900067,0.7168419432649461,92.38231407625872,11.650669348918203,0,77.52224314229154,False,0
200000254,Trouble,Critical,Line repair,T900063,T900073,0.9043456674666639,89.79948417137248,9.415339079855,0,93.70191738245028,False,0
200000549,Trouble,Critical,Network troubleshooting,T900141,T900141,0.7337183575934556,61.54796267328143,28.42452466520182,0,79.3342459115961,False,0
200000309,Trouble,Critical,Network troubleshooting,T900082,T900088,0.9141572611213944,63.38862294754991,28.813110761340408,1,86.137001167502,False,0
200000425,Trouble,Critical,Network troubleshooting,T900116,T900111,0.731401984075934,61.5604009813168,23.903717041949758,0,79.35780299903237,False,0
200000075,Trouble,Critical,Line repair,T900027,T900027,0.9153045058591498,29.13091158428173,8.693378147702411,0,94.34858774844606,False,0
200000256,Trouble,Critical,Line repair,T900068,T900063,0.9224040481248854,134.44944002759118,28.687926945569835,1,86.32567269491545,False,0
200000259,Trouble,Critical,Line repair,T900067,T900061,0.9273208186318959,130.2561606830207,41.08856740306889,1,85.58823983129817,False,0
200000009,Trouble,Critical,Network troubleshooting,T900014,T900014,0.8999571330674935,63.310083503054564,14.047330176883895,1,89.11151055122835,False,0
200000002,Trouble,Critical,Network troubleshooting,T900012,T900009,0.7018524978862922,92.91161255923245,30.70256447518783,0,74.58350124902937,False,0
200000315,Trouble,Critical,Line repair,T900075,T900075,0.8825351050371787,130.32272870053927,7.956961309365475,0,88.35329264917175,False,0
200000496,Trouble,Critical,Line repair,T900127,T900133,0.9206266388143093,61.95465729938557,45.20979127306583,1,86.51157595439182,False,0
200000293,Order,Normal,Equipment upgrade,T900069,T900060,0.9030954849518169,122.53523923925873,40.74279062928823,1,88.210083439403,False,0
200000267,Order,Normal,Fiber ONT installation,T900069,T900073,0.8117070643021288,96.07837165457828,15.352985833341695,0,83.4338141246008,False,0
200000260,Order,Normal,Fiber ONT installation,T900061,T900066,0.9414425863055234,28.252642490310482,12.232704282027328,1,94.63537613144923,False,0
200000442,Order,Normal,Fiber ONT installation,T900114,T900109,0.905885187207313,29.398536103056063,9.465494768244842,0,93.45933988359837,False,0
200000471,Order,Normal,Equipment upgrade,T900106,T900108,0.8897336186551409,29.16116982793155,6.9379292641762795,0,93.32286396130507,False,0
200000500,Order,Normal,Fiber ONT installation,T900126,T900126,0.8899343941620108,121.5117496682677,22.519325201270416,1,89.26838626905712,False,0
200000322,Order,Normal,Fiber ONT installation,T900082,T900084,0.9048774268338344,90.2733952246707,4.096764477182875,0,94.23372111809105,False,0
200000504,Order,Normal,Fiber ONT installation,T900129,T900127,0.9191406304691075,92.43782566469858,9.837413195689138,0,91.91248092616436,False,0
200000387,Order,Normal,Fiber ONT installation,T900100,T900099,0.923171367803289,131.2030342581087,5.659409340777372,0,90.7868000167387,False,0
200000566,Order,Normal,Fiber ONT installation,T900148,T900137,0.9024164286969569,122.50307011722329,7.940468702314911,0,91.64881954771657,False,0
200000036,Order,Normal,Copper ONT installation,T900001,T900000,0.9017151510355292,124.52626299899477,7.149109490417069,0,90.68459615546455,False,0
200000512,Order,Normal,Copper ONT installation,T900132,T900125,0.7951230403962444,127.02820086815322,11.65566118385022,0,79.82032872701765,False,0
200000533,Order,Normal,Equipment upgrade,T900125,T900128,0.7818221385413349,30.556793543148263,15.477367943358331,0,83.99436522117507,False,0
200000399,Order,Normal,Copper ONT installation,T900093,T900100,0.9047180925919363,123.60612019815122,9.249162920923215,0,92.19064822322167,False,0
200000383,Order,Normal,Fiber ONT installation,T900094,T900095,0.8854900214833079,95.49770679148101,40.27386873577799,1,82.66720161322205,False,0
200000595,Order,Normal,Equipment upgrade,T900140,T900148,0.8976681774884894,131.47461779442594,8.66650149225762,0,89.23003727263735,False,0
200000097,Order,Normal,Copper ONT installation,T900015,T900018,0.8797138991666514,121.1394409755292,21.418047163420265,1,86.90770212260998,False,0
200000394,Order,Normal,Copper ONT installation,T900094,T900102,0.8786044107613433,126.18112253031812,19.44477938954991,1,87.9697051052846,False,0
200000576,Order,Normal,Copper ONT installation,T900141,T900139,0.9033622663816221,90.17831304629156,6.949568630313182,0,93.26725794026599,False,0
200000503,Order,Normal,Fiber ONT installation,T900126,T900126,0.9227352134332707,31.41355560755265,45.80078404534225,1,86.35978081481687,False,0
200000333,Order,Normal,Copper ONT installation,T900079,T900076,0.9099400467795058,94.46484217242337,61.064806967790496,1,83.74702519793574,False,0
200000232,Order,Normal,Equipment upgrade,T900057,T900047,0.7925567322877538,119.82775854611796,26.676140988559837,0,84.83263798564947,False,0
200000339,Order,Normal,Copper ONT installation,T900079,T900081,0.7989599803348829,29.66348371791183,16.145110250713458,0,87.41972087609363,False,0
200000441,Order,Normal,Fiber ONT installation,T900114,T900113,0.900321789191802,120.60354343912915,12.809246862471314,1,92.67297817716474,False,0
200000296,Order,Normal,Equipment upgrade,T900060,T900074,0.8800602117555527,62.73997533606053,8.24378215327067,0,88.86203550821334,False,0
200000146,Order,Normal,Fiber ONT installation,T900030,T900034,0.8838697548621057,63.39371313281865,29.219851641590438,1,82.97449212235635,False,0
200000531,Order,Normal,Equipment upgrade,T900125,T900122,0.7954060370712656,120.52150163950351,32.657960486941946,0,85.02447989966541,False,0
200000261,Order,Normal,Fiber ONT installation,T900066,T900065,0.8907427660000877,31.243643089166895,18.400478267720214,1,87.82281218978785,False,0
200000080,Order,Normal,Fiber ONT installation,T900017,T900023,0.9114426212124522,60.905010449470204,44.83446784644183,1,85.37692742869311,False,0
200000592,Order,Normal,Equipment upgrade,T900138,T900149,0.8794703008976543,62.73860531247224,4.718062413874009,1,89.22527203106097,False,0
200000298,Order,Normal,Equipment upgrade,T900071,T900073,0.896515896016963,30.456652360554695,27.925300671829145,1,89.55546738697,False,0
200000593,Order,Normal,Equipment upgrade,T900140,T900146,0.7879591957053226,62.50883905013773,15.680070954639087,0,82.26050885099036,False,0
200000590,Order,Normal,Equipment upgrade,T900139,T900141,0.7850113978074889,30.590732841512686,24.943415365058847,0,83.52694445578298,False,0
200000382,Order,Normal,Fiber ONT installation,T900100,T900095,0.9302235388224279,30.717014706916935,30.69720799046084,1,90.16033408308782,False,0
200000084,Order,Normal,Fiber ONT installation,T900018,T900017,0.8792448770512531,95.87384388609512,15.722327683985528,1,85.43068110881467,False,0
200000143,Order,Normal,Fiber ONT installation,T900030,T900034,0.9141990122822538,62.59083980935874,30.868778515667387,1,87.7232859206276,False,0
200000268,Order,Normal,Fiber ONT installation,T900066,T900065,0.8926873962494388,62.41054382736249,26.14604113184703,1,87.01694480561673,False,0
200000052,Order,Normal,Equipment upgrade,T900004,T900012,0.8757261113099332,28.643258526604107,5.999067225526736,0,92.91899354359238,False,0
200000214,Order,Normal,Copper ONT installation,T900049,T900047,0.8980092068444725,28.24052348530034,9.643624072581188,0,93.06528938620743,False,0
200000179,Order,Normal,Equipment upgrade,T900030,T900030,0.8830693714978681,63.76301057253047,8.386139801365207,0,87.6645725125651,False,0
200000470,Order,Normal,Equipment upgrade,T900113,T900105,0.7614135868811232,92.92132879977946,18.841194141228296,0,83.49456055455374,False,0
200000238,Order,Normal,Equipment upgrade,T900056,T900049,0.784570569652941,120.3987889448538,34.51921870475249,0,83.11760427262924,False,0
200000564,Order,Normal,Fiber ONT installation,T900148,T900143,0.8761973817578323,63.53807286710301,17.927347864009423,1,87.31602872689406,False,0
200000415,Order,Normal,Equipment upgrade,T900102,T900099,0.7724259371137848,27.57247070318538,12.732652261123556,0,86.2078372074808,False,0
200000516,Order,Normal,Copper ONT installation,T900125,T900124,0.9111501993486271,30.824700837649743,36.70266411080954,1,87.96158463383615,False,0
200000203,Order,Normal,Fiber ONT installation,T900055,T900051,0.8881521246909733,63.943049954060314,35.45804566132557,1,84.0061032043582,False,0
200000095,Order,Normal,Copper ONT installation,T900015,T900021,0.8805260642358372,60.57719760320304,39.42248787799385,1,86.64747142184314,False,0
200000447,Order,Normal,Fiber ONT installation,T900106,T900113,0.9113877433776303,128.7930586942414,32.64904668932914,1,86.36290629507634,False,0
200000412,Order,Normal,Equipment upgrade,T900096,T900100,0.7845007275511977,61.65898554073969,15.194287162333415,0,84.48316531337578,False,0
200000020,Order,Normal,Fiber ONT installation,T900008,T900007,0.8930028557004724,119.95954018012249,23.49963196518814,1,89.99518354024922,False,0
200000144,Order,Normal,Fiber ONT installation,T900040,T900035,0.8897118896486351,90.92606336415479,5.076079981873803,0,92.46674992083747,False,0
200000473,Order,Normal,Equipment upgrade,T900108,T900115,0.9001655727786804,28.659403233414963,9.832304749467461,0,93.19203789155002,False,0
200000141,Order,Normal,Fiber ONT installation,T900030,T900038,0.9270812504298825,33.28237636178807,20.046328302132828,1,88.45600914972292,False,0
200000110,Order,Normal,Equipment upgrade,T900019,T900020,0.7915751231880749,30.56023645504428,31.904470782084168,0,83.54508302562961,False,0
200000514,Order,Normal,Copper ONT installation,T900132,T900128,0.9016570705722421,60.05168853762368,29.836291370771956,1,89.4366097324562,False,0
200000502,Order,Normal,Fiber ONT installation,T900126,T900123,0.9083774586986957,122.27805922353556,66.54241924213936,1,84.70767081804861,False,0
200000054,Order,Normal,Equipment upgrade,T900004,T900014,0.8929172986868537,90.65920364845717,5.669668190157759,0,92.79751532866456,False,0
200000057,Order,Normal,Equipment upgrade,T900004,T900002,0.7820826247497784,119.83525771734118,19.847115582052805,0,84.57714033540852,False,0
200000594,Order,Normal,Equipment upgrade,T900149,T900144,0.8801620400522149,63.80524373897632,3.7546032747897677,0,88.51780085715592,False,0
200000386,Order,Normal,Fiber ONT installation,T900094,T900095,0.9046077052382542,63.88462799934279,19.74934791125254,1,87.26986103973682,False,0
200000208,Order,Normal,Fiber ONT installation,T900055,T900059,0.92576611262311,92.16567780199117,9.371112636490125,0,91.65163622061526,False,0
200000478,Order,Normal,Equipment upgrade,T900105,T900112,0.9051508065202712,96.2655941617961,20.999296622874887,1,87.50021016992086,False,0
200000327,Order,Normal,Fiber ONT installation,T900085,T900075,0.7927043214599262,28.377827766316155,10.105432618367699,0,88.06263943911529,False,0
200000538,Order,Normal,Equipment upgrade,T900125,T900129,0.7916749517140793,123.1783124153991,14.300944469004673,0,85.9780589673507,False,0
200000477,Order,Normal,Equipment upgrade,T900108,T900106,0.7770261293581894,118.90489642213491,18.765145597003247,0,85.58896675490645,False,0
200000021,Order,Normal,Fiber ONT installation,T900011,T900007,0.920970554138719,29.33127664828116,5.958463237818504,1,95.12468432369322,False,0
200000518,Order,Normal,Copper ONT installation,T900134,T900127,0.9132185116903428,92.72984545678867,8.749850471480274,0,91.47977249384653,False,0
200000142,Order,Normal,Fiber ONT installation,T900040,T900038,0.9167928075954007,63.37328804591115,47.9262370938804,1,85.79265591631116,False,0
200000575,Order,Normal,Copper ONT installation,T900146,T900142,0.8989531858812041,121.04496683689973,8.916503271989344,0,92.92875645390218,False,0
200000212,Order,Normal,Copper ONT installation,T900058,T900057,0.9025321047838454,62.68276038103204,9.336816460428832,0,89.06277242669057,False,0
200000515,Order,Normal,Copper ONT installation,T900132,T900128,0.915293042448601,128.75655103280715,36.799978552324106,1,86.14988650990236,False,0
200000380,Order,Normal,Fiber ONT installation,T900103,T900092,0.9169991837934612,28.80411801051961,9.641298097580737,0,93.67974436197109,False,0
200000205,Order,Normal,Fiber ONT installation,T900056,T900049,0.8810107805031314,62.73938067398938,25.834788982387423,1,83.50849967091806,False,0
200000216,Order,Normal,Copper ONT installation,T900058,T900059,0.9137885295967827,90.81336128524403,5.9002536935852445,0,93.66915934102632,False,0
200000037,Order,Normal,Copper ONT installation,T900010,T900011,0.7903824017907553,62.89342029722961,16.679545192318443,0,83.42739013295056,False,0
200000091,Order,Normal,Copper ONT installation,T900024,T900021,0.9153941936748449,126.73508042347265,43.78384793672292,1,84.83794504762741,False,0
200000508,Order,Normal,Fiber ONT installation,T900128,T900126,0.9167427667911077,63.795770373867214,7.985801175290539,1,90.64329715781948,False,0
200000230,Order,Normal,Equipment upgrade,T900054,T900045,0.8968584409350155,129.06764834449504,7.683306177477191,0,89.23960297769017,False,0
200000476,Order,Normal,Equipment upgrade,T900108,T900119,0.8746036878177522,28.289923747267885,10.410435329327512,1,92.11801045254134,False,0
200000328,Order,Normal,Fiber ONT installation,T900080,T900087,0.9123850547056225,28.639893528041316,6.067528815285017,0,88.66285102033933,False,0
200000140,Order,Normal,Fiber ONT installation,T900030,T900039,0.7961876568696354,61.85169440293088,28.2257926973031,0,83.10060061815925,False,0
200000271,Order,Normal,Copper ONT installation,T900069,T900064,0.9117156606159988,96.74545176604794,32.297314136661655,1,85.43352232538072,False,0
200000170,Order,Normal,Equipment upgrade,T900041,T900043,0.8930765529713307,91.000951294496,7.326769679321711,0,92.82332416036338,False,0
200000451,Order,Normal,Copper ONT installation,T900113,T900106,0.9115521692528268,59.38089262097683,27.173346869367297,1,90.46352335196147,False,0
200000215,Order,Normal,Copper ONT installation,T900049,T900048,0.9097407713935237,60.369742202577925,47.77435876980651,1,87.82444172878608,False,0
200000173,Order,Normal,Equipment upgrade,T900033,T900044,0.7743656361987763,28.559246942808432,13.625930941743503,0,85.57924916895774,False,0
200000231,Order,Normal,Equipment upgrade,T900052,T900056,0.7811123512216348,119.60081431429433,21.168124596187933,0,85.79086418956696,False,0
200000440,Order,Normal,Fiber ONT installation,T900106,T900113,0.9136796797995768,97.261982957666,31.835858434073522,1,86.11658648891232,False,0
200000579,Order,Normal,Copper ONT installation,T900146,T900141,0.9084146090974863,130.5481559753191,9.782153294443322,0,88.7484477377413,False,0
200000111,Order,Normal,Equipment upgrade,T900018,T900025,0.8969931493532829,121.11297393566593,9.142503868407395,0,92.90734945204647,False,0
200000175,Order,Normal,Equipment upgrade,T900040,T900036,0.8301225301505912,28.722838411064664,1.2713414235048517,0,91.25261528610412,False,0
200000410,Order,Normal,Equipment upgrade,T900097,T900104,0.894779169632672,123.23635474384864,4.867365973205164,0,92.4326666062231,False,0
200000591,Order,Normal,Equipment upgrade,T900135,T900136,0.8917710835285463,63.347275767669146,6.540427114054696,0,89.32451330767108,False,0
200000388,Order,Normal,Fiber ONT installation,T900100,T900094,0.8896029812898147,95.54727219825067,47.48897660354857,1,82.44665980984685,False,0
200000112,Order,Normal,Equipment upgrade,T900020,T900026,0.7985083258473648,30.683908951280255,29.50631858887034,0,82.49270478663053,False,0
200000411,Order,Normal,Equipment upgrade,T900098,T900094,0.8986674084209502,129.98621017005556,9.219995241924805,0,88.62557191779763,False,0
200000082,Order,Normal,Fiber ONT installation,T900029,T900022,0.8031980165520907,61.87804886669456,23.07418755453901,0,83.41675144232651,False,0
200000092,Order,Normal,Copper ONT installation,T900015,T900029,0.8585814780749186,124.37928303087351,0.8451848859058447,0,91.17367762674262,False,0
200000326,Order,Normal,Fiber ONT installation,T900080,T900080,0.9092337302078226,120.55964301387772,7.855665616984251,0,93.23457827130063,False,0
200000239,Order,Normal,Equipment upgrade,T900045,T900055,0.892995789274335,126.25656806165598,8.85771495489098,0,90.12977395898926,False,0
200000329,Order,Normal,Fiber ONT installation,T900078,T900082,0.8855892052754802,28.67651852258267,7.44618696201395,0,92.85766784672212,False,0
200000390,Order,Normal,Copper ONT installation,T900094,T900104,0.8944181012488331,123.74818869267301,52.92946369381224,1,86.41035516099957,False,0
200000396,Order,Normal,Copper ONT installation,T900091,T900104,0.9085842677697064,30.840494985383916,27.18218498989347,1,88.91897216183145,False,0
200000172,Order,Normal,Equipment upgrade,T900037,T900035,0.784502263559668,121.83464381789494,16.208311511755443,0,85.56327412070205,False,0
200000338,Order,Normal,Copper ONT installation,T900087,T900076,0.9069924707880844,60.23501001705137,43.19505012002858,1,85.5685937432617,False,0
200000573,Order,Normal,Copper ONT installation,T900136,T900135,0.9071591863043973,28.433534000097602,5.417183166166781,1,94.04505899112571,False,0
200000176,Order,Normal,Equipment upgrade,T900038,T900044,0.8893435384829729,130.79150473590548,9.739197662263413,0,87.53343338390577,False,0
200000452,Order,Normal,Copper ONT installation,T900117,T900111,0.9080118537176066,90.06124696339293,7.637621496097132,1,93.74716989629835,False,0
200000031,Order,Normal,Copper ONT installation,T900005,T900011,0.8581844107362263,90.1141601324711,2.2909295240320318,0,92.29125245002535,False,0
200000116,Order,Normal,Equipment upgrade,T900019,T900028,0.8084723514906539,30.251231022676997,29.126184469364578,0,84.67836894591741,False,0
200000419,Order,Normal,Equipment upgrade,T900093,T900090,0.9007857576175384,98.56127171958089,24.608759189006385,1,86.33476977616536,False,0
200000277,Order,Normal,Copper ONT installation,T900070,T900074,0.8118819455627513,31.011796092662063,26.862954046938878,0,84.45873341383353,False,0
200000562,Order,Normal,Fiber ONT installation,T900148,T900137,0.9285053437060217,91.40395340611366,4.611919536108886,0,94.54276067841108,False,0
200000448,Order,Normal,Fiber ONT installation,T900111,T900115,0.7771919916184794,62.89249175090943,20.14837022534383,0,81.89821200876541,False,0
200000299,Order,Normal,Equipment upgrade,T900074,T900060,0.9030954849518169,122.67174717576668,39.33018137545231,1,88.2493354121822,False,0
200000397,Order,Normal,Copper ONT installation,T900093,T900102,0.9078948407638738,95.11334635083544,33.40282328786853,1,83.98283098023145,False,0
200000083,Order,Normal,Fiber ONT installation,T900026,T900023,0.9074912459286324,62.30775618408603,51.06520677256902,1,84.85978108065076,False,0
200000053,Order,Normal,Equipment upgrade,T900004,T900011,0.7848865340044884,94.4766660523206,38.681360765666554,0,81.06708724399074,False,0
200000156,Order,Normal,Copper ONT installation,T900043,T900044,0.9093868078940115,28.25650904783632,4.160573491310046,0,94.65483287586902,False,0
200000384,Order,Normal,Fiber ONT installation,T900100,T900104,0.812427027163686,129.0280271092155,14.11718032369116,0,83.07115461340476,False,0
200000153,Order,Normal,Copper ONT installation,T900041,T900036,0.9115173653491871,96.0129496346549,33.31526556704208,1,84.21504585884517,False,0
200000335,Order,Normal,Copper ONT installation,T900087,T900079,0.7914071912654206,59.59739708760451,23.90984024891458,0,85.19742024418771,False,0
200000560,Order,Normal,Fiber ONT installation,T900143,T900143,0.9105318818779256,96.46319800951825,35.17872651123811,1,83.32578958587025,False,0
200000290,Order,Normal,Equipment upgrade,T900074,T900060,0.9067923982515627,126.33678113384642,36.278266985724066,1,86.28905306770969,False,0
200000571,Order,Normal,Copper ONT installation,T900138,T900149,0.9065938710792306,62.158774485216426,4.133206406566601,0,91.59531474300114,False,0
200000381,Order,Normal,Fiber ONT installation,T900100,T900103,0.9019290703296791,91.90400742301239,9.657563602026318,0,92.06991747333531,False,0
200000275,Order,Normal,Copper ONT installation,T900064,T900069,0.7927666122037635,61.53442105478998,15.850872565134084,0,84.78853055118331,False,0
200000056,Order,Normal,Equipment upgrade,T900004,T900007,0.8904106848891713,29.164716309165204,9.021543409990988,0,93.21114126665667,False,0
200000093,Order,Normal,Copper ONT installation,T900024,T900025,0.7975269070266291,120.65411696296827,10.730101406965753,0,88.0642894706575,False,0
200000330,Order,Normal,Copper ONT installation,T900076,T900079,0.8126554383571739,128.20164703670687,31.589801347342735,0,82.81562666177857,False,0
200000178,Order,Normal,Equipment upgrade,T900042,T900042,0.7696859578981411,62.05785862298389,22.106440167455613,0,81.13933189187222,False,0
200000398,Order,Normal,Copper ONT installation,T900093,T900104,0.9125579832303654,61.78029739271226,45.26754347760338,1,83.50789581816973,False,0
200000297,Order,Normal,Equipment upgrade,T900070,T900067,0.8369097309944024,90.3933704104249,2.38795336963,0,91.07966309925544,False,0
200000391,Order,Normal,Copper ONT installation,T900091,T900102,0.9126178856227121,95.54415053782017,46.22403052128665,1,83.24638848151736,False,0
200000210,Order,Normal,Copper ONT installation,T900058,T900045,0.8094097462901723,94.76338313217822,21.375119567392037,0,82.50544147772872,False,0
200000237,Order,Normal,Equipment upgrade,T900055,T900053,0.7848639246111331,122.25049102892221,31.32191955840715,0,83.77546780470661,False,0
200000033,Order,Normal,Copper ONT installation,T900011,T900005,0.9045288298506264,29.58779820976247,16.30953921273394,1,91.36451926031096,False,0
200000217,Order,Normal,Copper ONT installation,T900049,T900045,0.9020715802300054,28.41285874523551,4.755667137531302,0,93.9144121310512,False,0
200000265,Order,Normal,Fiber ONT installation,T900060,T900072,0.7964670853009685,28.12389783849984,12.498287659668136,0,87.32489760255767,False,0
200000094,Order,Normal,Copper ONT installation,T900024,T900029,0.7912826305856793,94.35881087835048,10.780522885103458,0,83.62084712206219,False,0
200000089,Order,Normal,Fiber ONT installation,T900019,T900019,0.7993619424264193,123.01877606881939,16.256420614971198,0,85.14939279405094,False,0
200000501,Order,Normal,Fiber ONT installation,T900129,T900131,0.9075826262653744,64.6726378841326,9.83537612219587,0,89.2620224884647,False,0
200000051,Order,Normal,Equipment upgrade,T900004,T900003,0.8884824770829782,92.20080830650446,6.424160188563077,0,91.94905115251937,False,0
200000207,Order,Normal,Fiber ONT installation,T900055,T900050,0.9158359095299551,92.29504968066826,9.636504095088199,0,92.07349342327336,False,0
200000509,Order,Normal,Fiber ONT installation,T900133,T900129,0.8548094680068713,28.770135842995945,2.771970563463347,0,92.19486615638299,False,0
200000218,Order,Normal,Copper ONT installation,T900049,T900048,0.9134527831959215,130.60191289890224,27.33365957559921,1,83.04249481697246,False,0
200000263,Order,Normal,Fiber ONT installation,T900070,T900065,0.922585754527454,31.017441652946744,40.571905608511365,1,88.14897989640262,False,0
200000145,Order,Normal,Fiber ONT installation,T900030,T900034,0.9126169661153292,62.03908957406831,41.59710209518846,1,86.10310089605873,False,0
200000565,Order,Normal,Fiber ONT installation,T900140,T900142,0.9205526369776345,129.74011255146945,11.692051527408122,1,89.22582670082156,False,0
200000507,Order,Normal,Fiber ONT installation,T900129,T900126,0.9260303900234025,30.699513891654334,48.974244696560405,1,86.65469063186316,False,0
200000200,Order,Normal,Fiber ONT installation,T900056,T900049,0.9136796797995768,97.26198295766602,31.76021112883279,1,85.68139560725433,False,0
200000114,Order,Normal,Equipment upgrade,T900022,T900022,0.8910114549748537,28.977332485401597,8.687728897028677,0,92.69987549932685,False,0
200000537,Order,Normal,Equipment upgrade,T900125,T900132,0.8938676392932469,28.705581231887074,7.161349160649254,0,93.38069558917869,False,0
200000596,Order,Normal,Equipment upgrade,T900144,T900149,0.8976413527834494,62.20803841588894,39.57661053672403,1,84.32078208029266,False,0
200000233,Order,Normal,Equipment upgrade,T900051,T900049,0.8983282355286684,62.98108685852626,6.494233442638307,0,90.12640226129786,False,0
200000334,Order,Normal,Copper ONT installation,T900079,T900084,0.9049932914497566,89.7508822335113,6.199535221010595,0,93.9172692919296,False,0
200000024,Order,Normal,Fiber ONT installation,T900011,T900007,0.9212581386211574,62.80475925631131,65.49840316937244,1,83.1089517521804,False,0
200000337,Order,Normal,Copper ONT installation,T900079,T900085,0.8674488465430704,61.438671950092555,17.078037571211063,1,87.32590847304931,False,0
200000150,Order,Normal,Copper ONT installation,T900037,T900042,0.7986860243147051,31.148520828308474,29.7232089920669,0,82.45809126251635,False,0
200000274,Order,Normal,Copper ONT installation,T900070,T900067,0.9226490802400081,94.86528754463518,55.699000667824095,1,82.74297159314656,False,0
200000450,Order,Normal,Copper ONT installation,T900113,T900110,0.7717695604781589,27.52216547158767,11.959618306688546,0,86.91330586317493,False,0
200000204,Order,Normal,Fiber ONT installation,T900055,T900051,0.898915995274644,63.68877760971971,35.60044656487985,1,85.91366885457468,False,0
200000474,Order,Normal,Equipment upgrade,T900109,T900112,0.8987172629391571,135.3510949763205,20.684112556002233,1,86.57478388338563,False,0
200000117,Order,Normal,Equipment upgrade,T900019,T900023,0.8971736545511043,62.981086858526254,6.561556475905618,0,90.64691903022351,False,0
200000211,Order,Normal,Copper ONT installation,T900058,T900047,0.90419832953184,89.65843391308124,4.7606916156660795,0,94.16347807624288,False,0
200000355,Order,Normal,Equipment upgrade,T900086,T900083,0.8106137217685035,30.460296907623324,27.35450104577375,0,84.81734641296575,False,0
200000039,Order,Normal,Copper ONT installation,T900014,T900002,0.9130342058563321,129.11714901245267,6.011714611111949,0,91.58336078283911,False,0
200000096,Order,Normal,Copper ONT installation,T900024,T900020,0.7903203305933051,28.532204485526805,14.358453057075527,0,86.36186849477637,False,0
200000088,Order,Normal,Fiber ONT installation,T900019,T900019,0.8075145137825088,94.76762095185425,31.908011272324476,0,80.90084468054194,False,0
200000098,Order,Normal,Copper ONT installation,T900024,T900020,0.850231015419588,89.92533930232374,2.695216265300855,0,91.90996697403057,False,0
200000479,Order,Normal,Equipment upgrade,T900115,T900119,0.9118512478881384,97.45953282637109,62.14052113961607,1,80.80271369623402,False,0
200000155,Order,Normal,Copper ONT installation,T900043,T900043,0.908055726419003,132.29643658357656,27.697317532523122,1,85.42003255105497,False,0
200000358,Order,Normal,Equipment upgrade,T900086,T900086,0.7718728037667728,30.898368507989723,29.09856684890193,0,81.52211871890617,False,0
200000563,Order,Normal,Fiber ONT installation,T900148,T900142,0.9146682938830015,62.795421285439986,59.9989860212841,1,83.15345168420589,False,0
200000262,Order,Normal,Fiber ONT installation,T900061,T900071,0.9203091941465777,91.34491720185356,4.0090719076207115,0,93.9144323388052,False,0
200000148,Order,Normal,Fiber ONT installation,T900040,T900040,0.8041453105338009,94.69758353416229,22.568988509507346,0,81.93531046068779,False,0
200000106,Trouble,Low,Network support,T900023,T900016,0.7830447414810395,92.85903790504273,15.94082931776034,0,82.54766306739404,False,0
200000403,Trouble,Low,Network support,T900096,T900098,0.7677516219883114,91.08550140767025,38.08231432013704,0,81.9667300299504,False,0
200000166,Trouble,Low,Network support,T900034,T900035,0.8999711068456231,90.35493050169136,3.597162945872796,0,93.84822294096969,False,0
200000463,Trouble,Low,Network support,T900118,T900116,0.765477870828539,90.24505787403363,20.808755933391183,0,85.00831574027791,False,0
200000168,Trouble,Low,Network support,T900032,T900032,0.759227160980732,61.260381269540275,38.79500986361588,0,80.65614913494889,False,0
200000345,Trouble,Low,Network support,T900079,T900082,0.8894555036127382,28.980250559978302,4.120571069705885,0,93.72281950798363,False,0
200000461,Trouble,Low,Network support,T900114,T900118,0.7741889189690789,92.94625469007353,35.63825374061714,0,80.79447889263484,False,0
200000524,Trouble,Low,Network support,T900126,T900130,0.8894904104763346,93.10698000087208,9.94225793931591,0,87.84859324764152,False,0
200000469,Trouble,Low,Network support,T900105,T900117,0.7701228093495764,62.24065142914394,21.771258201841757,0,82.31480142232625,False,0
200000467,Trouble,Low,Network support,T900118,T900117,0.7679044985596498,62.00513950250119,13.453216657097649,0,82.17947656281227,False,0
200000587,Trouble,Low,Network support,T900149,T900138,0.7640873082240113,61.463611779742216,18.036460056481918,0,82.68752087547801,False,0
200000045,Trouble,Low,Network support,T900009,T900002,0.9090362631350055,132.9980780762803,8.556087486499207,0,88.79859189216,False,0
200000527,Trouble,Low,Network support,T900130,T900126,0.9117747856708361,62.405579941383714,5.862832858619002,0,85.59017906101904,False,0
200000525,Trouble,Low,Network support,T900131,T900120,0.8944316565473787,90.44175406864815,7.470188872477714,0,92.62334645710982,False,0
200000581,Trouble,Low,Network support,T900149,T900149,0.903891221900749,28.77562064397302,7.671992809605052,0,94.00239494444423,False,0
200000343,Trouble,Low,Network support,T900080,T900085,0.7720835817155409,60.533595620992664,48.011937159162294,0,79.85936863090603,False,0
200000046,Trouble,Low,Network support,T900008,T900000,0.9175283941073796,132.73238758290717,7.808256804223635,0,89.25639984064011,False,0
200000466,Trouble,Low,Network support,T900115,T900118,0.7735077370181187,31.1326358287234,40.50608129089394,0,76.75086635316093,False,0
200000526,Trouble,Low,Network support,T900126,T900121,0.7784687801395678,62.82620724235539,47.744053771470405,0,74.29832908223977,False,0
200000109,Trouble,Low,Network support,T900028,T900026,0.7643452565372124,90.4522773122925,19.04842378167577,0,82.1883089836612,False,0
200000521,Trouble,Low,Network support,T900125,T900122,0.9141924505640807,91.52974689031491,7.702431889349648,0,92.50472829174171,False,0
200000224,Trouble,Low,Network support,T900058,T900050,0.9225174009656998,91.19448453843304,5.313342089230499,0,93.65381397579966,False,0
200000404,Trouble,Low,Network support,T900101,T900091,0.7785047828548259,61.40376442441543,38.12730154135612,0,80.31337383582799,False,0
200000468,Trouble,Low,Network support,T900107,T900119,0.7866376449544359,29.952672624172042,33.79705639904221,0,83.1390882566602,False,0
200000285,Trouble,Low,Network support,T900060,T900061,0.7718114439120707,93.03448150186237,31.20079877074593,0,73.59057219560353,False,0
200000107,Trouble,Low,Network support,T900020,T900026,0.7725214244463,62.01601623730071,23.923638015199394,0,82.34009639332882,False,0
200000228,Trouble,Low,Network support,T900054,T900053,0.9123048186414177,60.84221430522898,19.255705251316382,1,89.06519516705721,False,0
200000523,Trouble,Low,Network support,T900133,T900121,0.7676769770458138,28.61120783993559,10.133258115822834,0,86.34320607837219,False,0
200000042,Trouble,Low,Network support,T900004,T900013,0.9168685695072083,91.35573185271298,4.89759892633296,0,93.52030173534271,False,0
200000520,Trouble,Low,Network support,T900125,T900125,0.923588413609536,130.9786961211588,9.742628259276916,0,89.12612756058184,False,0
200000044,Trouble,Low,Network support,T900000,T900009,0.7593550058472548,61.943562043504606,26.134749244697456,0,81.44554344550484,False,0
200000522,Trouble,Low,Network support,T900127,T900124,0.9066673332393561,28.45106548198625,4.131563072737163,0,94.3501987669477,False,0
200000282,Trouble,Low,Network support,T900060,T900073,0.9119611946926975,28.71042225692008,6.339513798818792,0,88.56897055140227,False,0
200000102,Trouble,Low,Network support,T900029,T900019,0.7771376838528308,30.49344186351336,29.20089855434906,0,82.3747763226639,False,0
200000047,Trouble,Low,Network support,T900008,T900008,0.9185948867903684,28.495646882633118,7.218387883440224,0,94.65534544793826,False,0
200000041,Trouble,Low,Network support,T900012,T900004,0.9088500812336769,93.81943574174674,14.501215801333064,1,90.06876258645671,False,0
200000225,Trouble,Low,Network support,T900048,T900055,0.9357475494674692,129.87749340413984,9.584141322372588,1,90.9571789184588,False,0
200000401,Trouble,Low,Network support,T900101,T900093,0.8372872264747725,62.182854740608335,2.4870604660038493,0,88.31773673107257,False,0
200000344,Trouble,Low,Network support,T900087,T900079,0.7599714588406549,62.362863665680436,14.65457406621316,0,81.0690158424492,False,0
200000283,Trouble,Low,Network support,T900060,T900067,0.7757687158505446,62.316293160333764,23.324613933249044,0,82.26661762052873,False,0
200000101,Trouble,Low,Network support,T900026,T900024,0.7785268866367296,28.722693884272253,14.468304014445158,0,86.04984552030227,False,0
200000169,Trouble,Low,Network support,T900035,T900030,0.8871344097572205,63.953051242692375,4.903278518014973,0,88.69144583453426,False,0
200000288,Trouble,Low,Network support,T900066,T900068,0.7762813014897609,27.755320552150533,10.682269799600935,0,86.14861707647681,False,0
200000586,Trouble,Low,Network support,T900135,T900140,0.7708657345105162,91.2950137078556,36.751982727131285,0,82.29130365856301,False,0
200000284,Trouble,Low,Network support,T900060,T900072,0.7794559518952495,130.98593596241588,12.290744180472256,0,81.44761674829137,False,0
200000163,Trouble,Low,Network support,T900032,T900040,0.7813739863522089,130.35768943664343,25.507759713505486,0,79.45778629927622,False,0
200000464,Trouble,Low,Network support,T900112,T900107,0.7637296406512013,126.68676460921031,22.089773082629314,0,81.01268060817057,False,0
200000167,Trouble,Low,Network support,T900037,T900031,0.7625302155095014,63.23135000122884,12.166577275843125,0,82.38560169490145,False,0
200000104,Trouble,Low,Network support,T900025,T900025,0.7740404787316105,91.56405659380204,15.303014443169259,0,84.2718473109273,False,0
200000223,Trouble,Low,Network support,T900047,T900053,0.9142971274779611,62.14054126418071,30.64712035407245,1,87.86626364975558,False,0
200000301,Trouble,Critical,Network troubleshooting,T900082,T900083,0.7221492277617063,63.119819389796746,17.067255193599262,0,78.24468255727301,False,0
200000483,Trouble,Critical,Network troubleshooting,T900134,T900128,0.9081969668832143,60.38004902660898,8.825765094352846,0,90.72263394422137,False,0
200000389,Order,Normal,Fiber ONT installation,T900094,T900095,0.8956637994237077,122.10954140489383,26.396356977677705,1,89.58507831101767,False,0
200000437,Trouble,Critical,Line repair,T900110,T900119,0.8918831086492822,64.16539290969345,6.164905207892201,0,89.38515006048067,False,0
200000578,Order,Normal,Copper ONT installation,T900138,T900135,0.9213632733014451,30.835737277553207,54.97908737801639,1,86.27173903212578,False,0
200000226,Trouble,Low,Network support,T900058,T900055,0.9243079654104606,131.0071526663972,29.331143116676156,1,86.79758054067855,False,0
200000364,Trouble,Critical,Network troubleshooting,T900097,T900096,0.9005154967665596,90.29991657570599,8.969173932534478,0,92.71050065949248,False,0
200000517,Order,Normal,Copper ONT installation,T900132,T900127,0.9050506966609615,91.47625380487223,6.5476397215740265,0,82.62885338451471,False,0
200000354,Order,Normal,Equipment upgrade,T900086,T900088,0.7922196109762503,30.293975605773976,15.680263551633745,0,85.04981580568437,False,0
200000494,Trouble,Critical,Line repair,T900122,T900133,0.905680582086193,129.14470055490054,9.577066098030388,1,88.74107556255545,False,0
200000456,Order,Normal,Copper ONT installation,T900113,T900111,0.9125270231586773,96.58579811974236,31.397461117691023,1,86.6778244436247,False,0
200000185,Trouble,Critical,Network troubleshooting,T900056,T900050,0.7043973272568826,118.59637373275422,10.137720191684107,0,83.38104979396516,False,0
200000570,Order,Normal,Copper ONT installation,T900138,T900137,0.894835099211062,62.147775319766026,7.44315394423585,0,89.95924795364785,False,0
200000023,Order,Normal,Fiber ONT installation,T900005,T900013,0.790628888393639,117.00803072509213,16.12041460569237,0,86.52244499110638,False,0
200000136,Trouble,Critical,Line repair,T900032,T900036,0.907401339670711,59.88688088943236,8.631095877451978,0,91.89735251114558,False,0
200000115,Order,Normal,Equipment upgrade,T900019,T900021,0.7725258400960557,27.612773314681185,12.364569242099302,0,84.37207309173094,False,0
200000119,Order,Normal,Equipment upgrade,T900019,T900018,0.8893956349582535,63.841908965285455,5.013329981801868,0,88.72550325909836,False,0
200000444,Order,Normal,Fiber ONT installation,T900108,T900107,0.8446646204376899,64.81236757545649,0.8273283391416577,0,87.19707161305485,False,0
200000199,Trouble,Critical,Line repair,T900058,T900046,0.8871878392247762,90.39875789745189,5.929270866575233,1,92.68425427627561,False,0
200000124,Trouble,Critical,Network troubleshooting,T900034,T900038,0.8809864577165852,29.61719292763228,6.127293688985134,0,92.9435562982069,False,0
200000422,Trouble,Critical,Network troubleshooting,T900115,T900116,0.9290847664481151,93.53706087896627,47.938140443712214,1,85.01370697043484,False,0
200000220,Trouble,Low,Network support,T900053,T900055,0.9148738701670067,63.66741733734887,11.39108451593333,1,87.26346238018935,False,0
200000248,Trouble,Critical,Network troubleshooting,T900072,T900069,0.9253155017927073,126.45443255487311,34.60975189931899,1,84.71078238864492,False,0
200000484,Trouble,Critical,Network troubleshooting,T900133,T900127,0.9236282756244545,93.80887092880437,44.34250013426441,1,84.2134591403454,False,0
200000588,Trouble,Low,Network support,T900149,T900140,0.887817693099065,89.95283167350745,8.240366062079591,0,92.80196947625676,False,0
200000026,Order,Normal,Fiber ONT installation,T900012,T900000,0.8013216836714533,63.752294268595215,25.969402334850063,0,81.0396653195392,False,0
200000162,Trouble,Low,Network support,T900037,T900035,0.9009241178435226,28.684410019630036,4.547612971765284,0,94.10600216078733,False,0
200000038,Order,Normal,Copper ONT installation,T900005,T900000,0.890232206265174,28.62701839258786,8.203776758012115,0,92.75487271108882,False,0
200000234,Order,Normal,Equipment upgrade,T900046,T900045,0.795116992779145,61.93257997617498,21.763068311843497,0,83.2784796333167,False,0
200000194,Trouble,Critical,Line repair,T900051,T900057,0.7207224270966794,62.65938427995634,26.32695858045171,0,78.55707277470816,False,0
200000416,Order,Normal,Equipment upgrade,T900090,T900103,0.7556026370363444,93.26764493173759,19.438622607706375,0,82.84111647547579,False,0
200000351,Order,Normal,Equipment upgrade,T900086,T900084,0.8932052934238278,65.02768594950031,9.258188485189473,0,88.02588543309656,False,0
200000475,Order,Normal,Equipment upgrade,T900119,T900112,0.8789714849219199,31.23861961572317,24.82911940224058,1,85.91410381792062,False,0
200000528,Trouble,Low,Network support,T900127,T900120,0.7536792059618364,63.407803041921746,11.001023002493971,0,80.94799082973286,False,0
200000536,Order,Normal,Equipment upgrade,T900120,T900129,0.7785252728269162,28.162767724607075,10.52211478781315,0,87.01486684102585,False,0
200000350,Order,Normal,Equipment upgrade,T900086,T900088,0.7677539394382329,95.8986567248679,13.353287587664802,0,80.4357596529611,False,0
200000340,Trouble,Low,Network support,T900081,T900083,0.7791669060230954,30.501804720684003,24.319112015892788,0,83.4647068569569,False,0
200000346,Trouble,Low,Network support,T900088,T900076,0.9229080533102834,135.40461003672817,6.423502592344145,0,90.17863696925536,False,0
200000087,Order,Normal,Fiber ONT installation,T900029,T900017,0.93821860774808,30.8551154101072,61.88604888342236,1,85.95146237888412,False,0
200000219,Order,Normal,Copper ONT installation,T900058,T900056,0.9140628325705571,59.634862700534356,30.97125743680983,1,91.09229140269612,False,0
200000445,Order,Normal,Fiber ONT installation,T900106,T900118,0.8064727602309564,62.2001380352636,15.356435370179366,0,85.40211034414186,False,0
200000331,Order,Normal,Copper ONT installation,T900079,T900085,0.8732089087228275,61.061553741275155,19.938020964885308,1,88.05863793145302,False,0
200000580,Trouble,Low,Network support,T900144,T900146,0.7844363627319098,61.28396697276112,31.462093847428022,0,82.70555567868875,False,0
200000449,Order,Normal,Fiber ONT installation,T900117,T900116,0.8081994902292748,93.94293510584737,27.021934538121265,0,83.82443381013573,False,0
200000249,Trouble,Critical,Network troubleshooting,T900074,T900071,0.9159357721006653,30.567624906112215,31.368771459996395,1,88.10928105349248,False,0
200000090,Order,Normal,Copper ONT installation,T900015,T900018,0.9223901640577477,30.817845539661466,61.57989662326371,1,84.89637066936528,False,0
200000049,Trouble,Low,Network support,T900001,T900014,0.779077074661179,90.99586143563221,14.475235812976624,0,84.2240343646991,False,0
200000572,Order,Normal,Copper ONT installation,T900138,T900147,0.7781943394724362,27.933440296685195,11.217017440416116,0,86.3096655035649,False,0
200000100,Trouble,Low,Network support,T900020,T900029,0.7796249918670286,92.48803240424456,14.399794847660813,0,83.79719917211013,False,0
200000070,Trouble,Critical,Line repair,T900021,T900015,0.9169152646002348,29.99985209839412,27.314464986181864,1,91.72095619808721,False,0
200000118,Order,Normal,Equipment upgrade,T900028,T900029,0.8377176186962112,28.365327394203504,1.3933246627755997,0,91.54839629967688,False,0
200000485,Trouble,Critical,Network troubleshooting,T900133,T900127,0.9314302893520591,123.36339485871265,55.67045903668059,1,84.60460993013399,False,0
200000379,Trouble,Critical,Line repair,T900094,T900092,0.9139055438557848,127.5539306516327,35.96808981724796,1,87.03181594892561,False,0
200000324,Order,Normal,Fiber ONT installation,T900080,T900089,0.8918293974182461,63.858876041016835,37.86863795918657,1,80.6833638019762,False,0
200000018,Trouble,Critical,Line repair,T900009,T900003,0.8719061032450705,64.8379687423302,4.573841955736535,0,87.66036556302464,False,0
200000135,Trouble,Critical,Line repair,T900036,T900039,0.8971982282786206,28.154174145199605,4.517599155719014,0,94.07259501888652,False,0
200000280,Trouble,Low,Network support,T900060,T900060,0.7794993915053263,61.306274838986084,42.074504270057226,0,80.56899602909257,False,0
200000252,Trouble,Critical,Line repair,T900069,T900061,0.9048871915444197,28.728096906504717,8.823355671614664,1,93.34349499347402,False,0
200000025,Order,Normal,Fiber ONT installation,T900011,T900006,0.9228018647477217,30.908844015065075,36.66945979200285,1,88.20703436961121,False,0
200000323,Order,Normal,Fiber ONT installation,T900080,T900081,0.9198852952741797,29.953569989721963,17.699004697997417,1,92.78970073391534,False,0
200000182,Trouble,Critical,Network troubleshooting,T900047,T900058,0.9063066093139654,62.35029402478365,18.56677661048904,1,88.79653725235352,False,0
200000317,Trouble,Critical,Line repair,T900077,T900078,0.9267008809371917,130.1210217941318,39.4253730874039,1,85.29681617866304,False,0
200000209,Order,Normal,Fiber ONT installation,T900046,T900049,0.9089943038552001,63.77964495327439,28.84787733473406,1,85.33212858141762,False,0
200000151,Order,Normal,Copper ONT installation,T900041,T900031,0.7931865270934695,62.39451749221654,21.656014353413703,0,81.28524728844589,False,0
200000413,Order,Normal,Equipment upgrade,T900095,T900090,0.9039663783511315,96.57802344685874,42.22208362491853,1,84.00242319835371,False,0
200000181,Trouble,Critical,Network troubleshooting,T900058,T900048,0.7148939590974192,117.42703981042223,16.29402879970214,0,83.08289112771283,False,0
200000539,Order,Normal,Equipment upgrade,T900125,T900124,0.8852521717318416,62.96021898391151,4.706780210155427,0,90.22418231259282,False,0
200000424,Trouble,Critical,Network troubleshooting,T900116,T900114,0.9119151749377508,30.94140813725186,34.60971706961149,1,86.86475218577436,False,0
200000130,Trouble,Critical,Line repair,T900041,T900037,0.916882639070058,93.03368002725703,30.221134331547777,1,87.98907703252426,False,0
200000250,Trouble,Critical,Line repair,T900061,T900063,0.9155003828778874,124.46680374380398,24.978457102901018,1,89.1283168249251,False,0
200000177,Order,Normal,Equipment upgrade,T900036,T900034,0.7904603383515373,61.82516565039447,24.399912118263355,0,80.31581518758456,False,0
200000481,Trouble,Critical,Network troubleshooting,T900121,T900120,0.8816859507328676,64.37846219175806,5.127794568865431,0,88.85241903931973,False,0
200000171,Order,Normal,Equipment upgrade,T900033,T900043,0.8936785154503246,132.5531464477791,7.757101863136608,0,88.18921971415206,False,0
200000385,Order,Normal,Fiber ONT installation,T900096,T900095,0.9248463814359807,30.770251780237107,32.066570085826335,1,88.84267921906662,False,0
200000356,Order,Normal,Equipment upgrade,T900086,T900081,0.9050137638182787,133.40022616920712,6.640200338836961,0,89.07042067084157,False,0
200000206,Order,Normal,Fiber ONT installation,T900050,T900050,0.8475882468142016,29.179292915226547,2.6343927729311845,0,91.80546280575753,False,0
200000085,Order,Normal,Fiber ONT installation,T900029,T900016,0.7954173636301837,28.878553342944723,14.352801118854035,0,87.41620212090454,False,0
200000246,Trouble,Critical,Network troubleshooting,T900071,T900069,0.9026104329153716,62.04417323172592,52.5088834073824,1,85.11410668295177,False,0
200000103,Trouble,Low,Network support,T900028,T900024,0.7589845822006224,93.58088246220206,28.59196427949565,0,80.27547747335488,False,0
200000310,Trouble,Critical,Line repair,T900076,T900078,0.9114997129138377,125.46856693224171,15.654660962862112,1,90.189289224817,True,1
200000062,Trouble,Critical,Network troubleshooting,T900017,T900026,0.9242568080236344,93.56556362467666,46.98603180287912,1,84.70545143662873,True,1
200000487,Trouble,Critical,Network troubleshooting,T900133,T900131,0.909947182989702,128.73743866655698,6.779773322408619,1,89.79921642748775,True,1
200000482,Trouble,Critical,Network troubleshooting,T900133,T900127,0.9107134350557453,92.33576078693716,9.075717409185225,1,90.57438106094554,True,1
200000069,Trouble,Critical,Network troubleshooting,T900023,T900026,0.9242546008549539,126.49247166164707,17.871466850572613,1,87.07421222887365,True,1
200000362,Trouble,Critical,Network troubleshooting,T900095,T900099,0.8890184284345299,63.1087912502418,9.643386384833024,1,88.99727369721626,True,1
200000059,Order,Normal,Equipment upgrade,T900012,T900005,0.7840202066304061,118.11386390438989,26.297553087349325,0,85.14469243231622,True,1
200000336,Order,Normal,Copper ONT installation,T900079,T900080,0.9048908056280278,121.12049549889713,9.109555813267725,0,92.98243246299086,True,1
200000149,Order,Normal,Fiber ONT installation,T900031,T900034,0.9165826911427739,130.09094494664026,35.30605163093901,1,84.89072582224595,True,1
200000295,Order,Normal,Equipment upgrade,T900064,T900067,0.8937091878868033,135.8615854598288,6.1188772383628915,0,88.50249502856971,True,1
200000294,Order,Normal,Equipment upgrade,T900072,T900067,0.8945232304128196,133.67429992173,7.693541020035124,0,88.73688522920773,True,2
200000405,Trouble,Low,Network support,T900101,T900104,0.7653824461798113,93.63747399694738,48.3642952777824,0,64.86435650152524,False,0
200000058,Order,Normal,Equipment upgrade,T900001,T900013,0.7833948505487434,61.22380440186143,20.519053146126264,0,83.83170515344551,False,0
200000492,Trouble,Critical,Line repair,T900133,T900133,0.9028834489030515,63.61079424947152,35.994595213000146,1,84.10906473226166,False,0
200000584,Trouble,Low,Network support,T900149,T900140,0.7766443435271572,124.17935451271723,25.49276830736043,0,83.4659424558464,False,0
200000273,Order,Normal,Copper ONT installation,T900070,T900064,0.8857770362511607,60.648272437232166,19.6749974093056,1,90.48147352264454,False,0
200000428,Trouble,Critical,Network troubleshooting,T900107,T900114,0.8951951836296966,91.2163767715094,5.052390601875967,1,92.31139288830518,False,0
200000597,Order,Normal,Equipment upgrade,T900142,T900149,0.8771116593453576,30.296837800096775,14.773559650932008,1,89.90864980124098,False,0
200000553,Trouble,Critical,Line repair,T900144,T900136,0.9165278635305175,94.15026769653737,42.144067541377204,1,84.87005294991542,False,0
200000157,Order,Normal,Copper ONT installation,T900043,T900030,0.9101011786949922,126.50714829011977,9.79007227097291,0,91.41349353722669,False,0
200000032,Order,Normal,Copper ONT installation,T900010,T900005,0.899577693361455,58.68158253026525,33.75947758510831,1,84.97888466807275,False,0
200000138,Trouble,Critical,Line repair,T900036,T900036,0.9002718318652867,89.73519493273704,9.889639516853553,0,93.00104006082717,False,0
200000313,Trouble,Critical,Line repair,T900076,T900087,0.9107419529088825,62.426130839642674,66.98822057768288,1,82.7250356476879,False,0
200000421,Trouble,Critical,Network troubleshooting,T900107,T900116,0.9270991232595258,126.08939139306477,18.062406843631035,1,86.53272188180492,False,0
200000455,Order,Normal,Copper ONT installation,T900113,T900105,0.9136856182337548,91.1100460819546,8.729393414572431,0,92.47134609159576,False,0
200000488,Trouble,Critical,Network troubleshooting,T900122,T900131,0.910213449587207,31.11805303633564,14.78830735949734,1,89.19527627895954,False,0
200000287,Trouble,Low,Network support,T900060,T900069,0.7643452565372124,90.53888842340356,18.776816463936065,0,84.60672262032882,False,0
200000029,Order,Normal,Fiber ONT installation,T900000,T900011,0.8025496470798082,123.38571428388015,32.48431948770667,0,83.70460713153486,False,0
200000417,Order,Normal,Equipment upgrade,T900092,T900090,0.8976049345463666,31.226450179608616,57.42329584849381,1,84.69999956255838,False,0
200000332,Order,Normal,Copper ONT installation,T900087,T900086,0.8915413701451251,28.503514052739437,8.770470257775104,0,92.4922959903502,False,0
200000349,Trouble,Low,Network support,T900089,T900077,0.8860260814648039,63.54810635155704,6.5385438746692515,0,88.04430324912231,False,0
200000235,Order,Normal,Equipment upgrade,T900053,T900053,0.7764833445689852,122.93582376421574,18.357517999419105,0,84.61021703350931,False,0
200000369,Trouble,Critical,Network troubleshooting,T900096,T900093,0.917666303619731,31.662230044624952,34.371991582183924,1,85.29136739450779,False,0
200000357,Order,Normal,Equipment upgrade,T900086,T900079,0.7919124941512764,96.24623080218129,22.090245036493997,0,82.4910678150524,False,0
200000055,Order,Normal,Equipment upgrade,T900003,T900013,0.7862368613062316,30.3704931760114,25.342244013463823,0,82.04466748848375,False,0
200000589,Trouble,Low,Network support,T900147,T900149,0.7785993920356816,61.45044318810383,15.678266906896653,0,84.7364963975553,False,0
200000519,Order,Normal,Copper ONT installation,T900127,T900122,0.9010130897172703,126.88609073175625,9.347231546213928,0,90.88986776351732,False,0
200000184,Trouble,Critical,Network troubleshooting,T900056,T900058,0.9078554414273847,62.87249557645197,58.97993389876162,1,82.41490169172678,False,0
200000022,Order,Normal,Fiber ONT installation,T900005,T900006,0.9354588833416688,133.21645551047058,9.6119428220508,1,90.24807521709579,False,0
200000078,Trouble,Critical,Line repair,T900016,T900020,0.8939019061552439,28.71913096615642,7.310992704227419,0,92.67913436013079,False,0
200000430,Trouble,Critical,Line repair,T900110,T900115,0.9116495225630511,31.538420262306932,35.3859600675118,1,84.22870040960811,False,0
200000465,Trouble,Low,Network support,T900114,T900118,0.7760769021030283,62.030030864074654,26.031771059774595,0,81.84504803286765,False,0
200000139,Trouble,Critical,Line repair,T900036,T900037,0.9206676452935293,30.600662950006225,39.65700326548183,1,83.59920870776027,False,0
200000427,Trouble,Critical,Network troubleshooting,T900116,T900115,0.7322062769385937,64.39311280232204,31.702418205334492,0,72.55253749130176,False,0
200000286,Trouble,Low,Network support,T900060,T900065,0.9142172395256396,134.13231181372572,8.18453494867366,0,88.70515251653764,False,0
200000105,Trouble,Low,Network support,T900015,T900028,0.7751116933038409,63.06365149915914,26.162421183602344,0,73.75843226043398,False,0
200000505,Order,Normal,Fiber ONT installation,T900126,T900123,0.907972575092219,62.05530983222906,19.26751199151963,1,89.77275529357114,False,0
200000086,Order,Normal,Fiber ONT installation,T900029,T900019,0.8160949919300297,130.21066425110084,21.220027602724592,0,82.99026546061529,False,0
200000418,Order,Normal,Equipment upgrade,T900101,T900098,0.7904781529347573,96.64309900179953,29.882477200126715,0,81.22143000668387,False,0
200000557,Trouble,Critical,Line repair,T900135,T900135,0.889039887787036,123.67586537650268,5.086781577077226,0,91.58891678830649,False,0
200000583,Trouble,Low,Network support,T900149,T900135,0.7784123416164999,128.03542217893886,16.349533315297762,0,81.22733832036722,False,0
200000240,Trouble,Critical,Network troubleshooting,T900074,T900069,0.9069961185476816,62.773675386926676,32.9422735584878,1,86.7824052120538,False,0
200000406,Trouble,Low,Network support,T900101,T900093,0.7675352081462119,93.99737828932868,11.286698516062813,0,82.78049069171517,False,0
200000291,Order,Normal,Equipment upgrade,T900060,T900068,0.7964116344694557,60.29821337684073,33.34690832369646,0,83.00755803702204,False,0
200000433,Trouble,Critical,Line repair,T900110,T900108,0.9019086326641785,89.62018495990809,9.813291663443467,0,93.54797758730447,False,0
200000154,Order,Normal,Copper ONT installation,T900038,T900039,0.7844279578635232,30.038159266972475,16.9837789708082,0,85.69324945507728,False,0
200000529,Trouble,Low,Network support,T900124,T900123,0.9189470350607638,28.891817182799358,8.881098384344204,0,93.87568866592397,False,0
200000393,Order,Normal,Copper ONT installation,T900091,T900099,0.9170460966363837,133.92273200712708,6.308411304998796,0,89.37616776808949,False,0
200000195,Trouble,Critical,Line repair,T900051,T900050,0.8922609419696831,64.46761831119831,4.410966930118862,0,89.46497995786683,False,0
200000152,Order,Normal,Copper ONT installation,T900043,T900036,0.902485088228808,60.30639010672123,15.543585635822053,1,92.08924710042572,False,0
200000374,Trouble,Critical,Line repair,T900103,T900096,0.9008689472613933,28.682101759621656,3.86019917078297,1,93.90932109818172,False,0
200000013,Trouble,Critical,Line repair,T900008,T900001,0.9196623369357921,29.57197638514913,25.22682232119882,1,92.30967143491827,False,0
200000556,Trouble,Critical,Line repair,T900144,T900136,0.91175805756039,31.050552787384493,24.351509804910695,1,86.67903313166894,False,0
200000318,Trouble,Critical,Line repair,T900076,T900078,0.9215170102561936,94.50681468965782,44.68493457147188,1,83.84289861421699,False,0
200000458,Order,Normal,Copper ONT installation,T900117,T900111,0.8892154177381266,94.55480872971346,20.508669182676513,1,88.31504614054919,False,0
200000160,Trouble,Low,Network support,T900038,T900030,0.8964884402024426,130.4917378043213,7.330238876722711,0,90.06155710891531,False,0
200000407,Trouble,Low,Network support,T900092,T900103,0.7728710386172777,61.08058782580156,40.17996751768123,0,78.31551107207181,False,0
200000236,Order,Normal,Equipment upgrade,T900053,T900055,0.8931060220655225,126.26797124764492,4.711577010716365,0,90.52935983533594,False,0
200000264,Order,Normal,Fiber ONT installation,T900066,T900066,0.9245267142337692,31.66671089641658,23.185140483931075,1,89.76275934620982,False,0
200000011,Trouble,Critical,Line repair,T900012,T900006,0.8877340973168848,28.850938315096123,6.112369464407392,0,92.4771283186628,False,0
200000320,Order,Normal,Fiber ONT installation,T900080,T900089,0.923515946734169,32.96595056618894,20.503999423079584,1,88.4534095715913,False,0
200000278,Order,Normal,Copper ONT installation,T900064,T900072,0.7803188863598238,119.7835486370839,19.07515470371468,0,86.26889133639128,False,0
200000377,Trouble,Critical,Line repair,T900103,T900096,0.933332772296404,130.61643207930726,15.755055011364522,1,87.59586526500128,False,0
200000072,Trouble,Critical,Line repair,T900021,T900017,0.8716216513401522,89.35932701725153,3.576086046379347,0,92.63861673003835,False,0
200000304,Trouble,Critical,Network troubleshooting,T900089,T900088,0.9069961185476816,62.77367538692667,32.73449097778221,1,84.50484537003115,False,0
200000279,Order,Normal,Copper ONT installation,T900069,T900064,0.8874481850993119,60.72896976413806,20.571711647808094,1,90.16678328616523,False,0
200000480,Trouble,Critical,Network troubleshooting,T900121,T900131,0.9219460021129748,123.06397425422529,71.1673021785754,1,83.69524593375336,False,0
200000201,Order,Normal,Fiber ONT installation,T900055,T900049,0.9176099674210585,61.9594050703243,17.214061686913034,1,89.3397831094226,False,0
200000065,Trouble,Critical,Network troubleshooting,T900022,T900027,0.9199721690584044,92.62460778601417,28.20503027075612,1,85.25334567197189,False,0
200000599,Order,Normal,Equipment upgrade,T900140,T900143,0.7927363160640549,60.57533819600948,21.022967327454744,0,85.8967015329965,False,0
200000302,Trouble,Critical,Network troubleshooting,T900089,T900081,0.8782067476678022,64.05933943883787,7.798758485571069,0,88.5085973049038,False,0
200000561,Order,Normal,Fiber ONT installation,T900149,T900142,0.87853705502968,93.05598410773058,8.505808620395308,1,89.93809495010208,False,0
200000409,Trouble,Low,Network support,T900101,T900090,0.9123815488541784,92.26022450955125,7.344168058286297,0,91.4216914223108,False,0
200000513,Order,Normal,Copper ONT installation,T900134,T900131,0.7919794976761325,129.37609952913394,13.470960270019495,0,84.16696942133221,False,0
200000359,Order,Normal,Equipment upgrade,T900086,T900089,0.78243697084487,61.21252735096395,22.833610634269554,0,78.04433735011047,False,0
200000361,Trouble,Critical,Network troubleshooting,T900092,T900102,0.7173471931515296,119.20052422926203,27.081375616611776,0,80.62684809714948,False,0
200000454,Order,Normal,Copper ONT installation,T900113,T900105,0.7627520879341526,92.64837086652875,18.591325218329235,0,83.61012969634433,False,0
200000376,Trouble,Critical,Line repair,T900090,T900091,0.8859547147803308,64.46761831119831,3.587056182954105,0,89.52192763955043,False,0
200000028,Order,Normal,Fiber ONT installation,T900000,T900006,0.9222766221394054,31.105606323513626,24.956517529665,1,88.97373868260598,False,0
200000453,Order,Normal,Copper ONT installation,T900107,T900106,0.9085892987017352,30.82116278150417,38.20498370038003,1,86.73070455913998,False,0
200000165,Trouble,Low,Network support,T900040,T900031,0.7649231190524957,91.68635258850927,34.64126085653789,0,81.97162803042445,False,0
200000005,Trouble,Critical,Network troubleshooting,T900000,T900001,0.8858551137891207,63.78339002723315,6.866889373482806,0,88.84051143406025,False,0
200000585,Trouble,Low,Network support,T900149,T900135,0.7770506944897884,30.230630707350493,23.99336106703161,0,83.64993227227609,False,0
200000347,Trouble,Low,Network support,T900075,T900075,0.7649622154550109,126.17585715291958,14.336247188432388,0,82.40638854823767,False,0
200000353,Order,Normal,Equipment upgrade,T900086,T900076,0.8934989016080138,120.41163368364232,8.27775158252419,0,92.78255361305756,False,0
200000050,Order,Normal,Equipment upgrade,T900004,T900000,0.7850976864082764,123.7162659714395,34.70398804420695,0,82.60793724065586,False,0
200000043,Trouble,Low,Network support,T900014,T900012,0.8962208137737382,28.077647475174476,9.508228660050369,0,93.07894017300384,False,0
200000202,Order,Normal,Fiber ONT installation,T900055,T900051,0.916792172172416,92.16786324741346,9.707783741476412,1,92.56349220147038,False,0
200000321,Order,Normal,Fiber ONT installation,T900078,T900083,0.8053114997722866,31.358544808080104,18.613993389873745,0,83.58968922771562,False,0
200000569,Order,Normal,Fiber ONT installation,T900149,T900147,0.7802910836219294,93.91581089086465,55.79425075847357,0,77.97914187928669,False,0
200000227,Trouble,Low,Network support,T900047,T900052,0.7783795072052688,131.89992330380002,22.299603128621946,0,80.83034023019825,False,0
200000316,Trouble,Critical,Line repair,T900077,T900075,0.8767378099895814,64.92444652449869,6.706603884674611,0,87.7826218165165,False,0
200000276,Order,Normal,Copper ONT installation,T900065,T900074,0.7874487378822979,30.50086310733564,17.07882542179912,0,85.27531535925486,False,0
200000568,Order,Normal,Fiber ONT installation,T900148,T900139,0.8991924115435469,64.4616974828824,8.254231821561863,0,88.21967888484087,False,0
200000222,Trouble,Low,Network support,T900052,T900059,0.9256369562088125,28.594562415802088,8.676236799093239,0,94.45588151384182,False,0
200000040,Trouble,Low,Network support,T900011,T900014,0.7776814698322936,27.592886998704174,12.443990642925458,0,86.48039260929933,False,0
200000161,Trouble,Low,Network support,T900032,T900042,0.8393425580519965,64.00776592109145,2.976408951670645,0,86.44330494757247,False,0
200000541,Trouble,Critical,Network troubleshooting,T900135,T900148,0.918548053704447,94.54329786463236,63.665167082269406,1,83.60306748691885,False,0
200000577,Order,Normal,Copper ONT installation,T900138,T900138,0.8741760425980251,120.34073901902774,18.405007389450912,1,90.67664660920511,False,0
200000017,Trouble,Critical,Line repair,T900009,T900001,0.9190583562365549,29.869470256125343,59.05402712138136,1,85.95291781182775,False,0
200000530,Order,Normal,Equipment upgrade,T900125,T900121,0.8781420136974634,28.558069625635802,8.342097471637503,0,92.5144569886515,False,0
200000472,Order,Normal,Equipment upgrade,T900109,T900109,0.7754848882850787,30.49349860545813,33.50774784701714,0,82.1553229437271,False,0
